{"popcorn_grams": [62.43561663863075, 143.10000289738826, 112.47915185359672, 93.81218778758512, 31.84260966194111, 31.83923284706837, 18.131705703547922, 131.26466040849093, 94.15610164404923, 109.13016089144637, 12.881829201412343, 145.7873793026792, 126.54196971205904, 39.72747549495866, 35.45549540899408, 35.67663137948074, 52.59391401433528, 83.4659004285133, 70.4723026098962, 50.772079627725866, 95.65940526113313, 29.529140491285858, 50.90025079493054, 61.29065806111684, 73.84979779038503, 119.9246345950219, 37.95432950217037, 81.99282137790563, 92.93803964068594, 16.50305778079968, 95.05627926620137, 33.87337731622081, 19.107223017939134, 142.84397521546666, 145.18848463043832, 123.17562873630456, 52.645927684271896, 23.67409596089374, 105.79262371170196, 71.62134912354418, 27.085352878269035, 79.32476741557782, 14.814392956130575, 137.3048562910295, 46.229197424002365, 102.75311980955748, 53.639550652517535, 82.80952296489352, 86.53943910805916, 35.87962377357378, 145.7418478870382, 118.51859527055603, 141.5298518189865, 135.27582905987083, 93.70599703355192, 139.06239290323634, 22.388950287268727, 37.43760073868033, 16.33182044747533, 55.54624630685701, 64.41482055652747, 47.988864448345424, 126.0232512812701, 59.9454657371025, 49.330831356233304, 85.97745164215479, 29.72939149646677, 122.30757730556556, 20.437090115167916, 148.16417112407242, 118.11426770153204, 37.82019541478414, 10.773096397304336, 124.16459998367678, 108.9600281386664, 112.06100352573823, 117.9778485360324, 20.36625124277265, 60.18520199619817, 26.22166833351816, 130.8344796225831, 97.2617377558581, 56.325723479370886, 18.898169040043307, 53.537525040192705, 55.525665083744585, 112.14486496732897, 99.25804598972984, 134.2097839606857, 76.11008952267291, 26.743194431362237, 109.8542702112193, 116.50990680636565, 88.57880765972948, 117.93540519363854, 79.1313834910147, 83.18259611347916, 69.85574257019695, 13.558677744173327, 25.104799779062624], "cooking_times": [5.1653043660506235, 9.00549646963648, 7.669837980947587, 5.69682493207881, 3.4822945391783, 3.770517928109292, 3.6455323075481543, 8.304097911287723, 6.303558280755867, 7.20562952278005, 3.101792518921654, 9.453744519963802, 8.062218383719433, 4.243007491304611, 3.8213135451237243, 4.268154064240481, 4.278669153778088, 6.009463948126781, 5.327561053928732, 3.806846507320234, 6.931030401588945, 3.6069846606542373, 4.5475692680677575, 4.947239336368268, 4.984804518494045, 7.785909068368415, 3.726359216845134, 5.698502434284472, 6.566259126201293, 3.027178317447253, 7.6959069139153335, 3.78095777222696, 3.084136346258339, 9.10497580289025, 8.300038623872394, 8.14552449909062, 4.662411489184108, 4.41532585428733, 7.193450703194537, 5.7318411273440155, 3.33691175906083, 5.381899351969125, 3.312131055064039, 9.241209330894863, 4.706975844721642, 6.682962263080505, 5.383374688093927, 5.4395506168485355, 6.620400502303093, 4.889209001583678, 8.791824231786567, 7.642780898726416, 9.126318273493146, 8.512053625935442, 5.90996813614453, 8.98740113256483, 2.588295657500384, 4.108676252251607, 2.356878905256865, 5.552279517851621, 4.829114381658256, 4.238412464314434, 8.70792117274834, 4.381841128638148, 4.58027153511373, 6.952443959248954, 2.682727957542725, 8.20769579454443, 3.1517959028826077, 9.799119992092278, 7.287238029637561, 3.2307814641970687, 2.7996256026736654, 8.356722335800432, 7.573247832106259, 7.776274281035399, 7.5588800660123745, 3.1344394107191342, 5.155796336459249, 2.953907707662724, 9.474611236701534, 7.1000033482488, 4.22063442536722, 3.2731852563190804, 4.189535416895975, 5.169825556058455, 8.186541037870152, 6.552561140310637, 9.192177262656445, 6.011894939601895, 3.7481898015653567, 8.441110001887939, 7.702801282316848, 6.05207230080773, 7.452013044869166, 5.548664032068015, 6.120578950966907, 5.66336311591817, 2.816279286873676, 3.668831613471143]}